colors,abilities,No.,rarity,parallel,product,pieces,ID,name,type,tags,Lv.,AP,LP,cutIn,inspiration,note
青,【解決編】【事件解決】【スリープ】：自分の証拠が事件レベルの数以上ある場合、ゲームに勝利する。|【アシスト】【スリープ】：FILEエリアに移動する。自分のFILEエリアにカードが7枚以上ある場合、事件を解決編にする。,B01001,C,,CT-P01 Case-Booster 01 探偵たちの切札,,P001,江戸川コナン,パートナー,,,,1,,,
青,【解決編】【事件解決】【スリープ】：自分の証拠が事件レベルの数以上ある場合、ゲームに勝利する。|【アシスト】【スリープ】：FILEエリアに移動する。自分のFILEエリアにカードが7枚以上ある場合、事件を解決編にする。,B01001P,CP,P,CT-P01 Case-Booster 01 探偵たちの切札,,P001,江戸川コナン,パートナー,,,,1,,,
青,【解決編】【事件解決】【スリープ】：自分の証拠が事件レベルの数以上ある場合、ゲームに勝利する。|【アシスト】【スリープ】：FILEエリアに移動する。自分のFILEエリアにカードが7枚以上ある場合、事件を解決編にする。,B01002,C,,CT-P01 Case-Booster 01 探偵たちの切札,,P007,工藤新一,パートナー,,,,1,,,
青,【解決編】【事件解決】【スリープ】：自分の証拠が事件レベルの数以上ある場合、ゲームに勝利する。|【アシスト】【スリープ】：FILEエリアに移動する。自分のFILEエリアにカードが7枚以上ある場合、事件を解決編にする。,B01002P,CP,P,CT-P01 Case-Booster 01 探偵たちの切札,,P007,工藤新一,パートナー,,,,1,,,
青,【解決編】【事件解決】【スリープ】：自分の証拠が事件レベルの数以上ある場合、ゲームに勝利する。|【アシスト】【スリープ】：FILEエリアに移動する。自分のFILEエリアにカードが7枚以上ある場合、事件を解決編にする。,B01003,C,,CT-P01 Case-Booster 01 探偵たちの切札,,P008,灰原哀,パートナー,,,,1,,,
青,【解決編】【事件解決】【スリープ】：自分の証拠が事件レベルの数以上ある場合、ゲームに勝利する。|【アシスト】【スリープ】：FILEエリアに移動する。自分のFILEエリアにカードが7枚以上ある場合、事件を解決編にする。,B01003P,CP,P,CT-P01 Case-Booster 01 探偵たちの切札,,P008,灰原哀,パートナー,,,,1,,,
青,【解決編】【事件解決】【スリープ】：自分の証拠が事件レベルの数以上ある場合、ゲームに勝利する。|【アシスト】【スリープ】：FILEエリアに移動する。自分のFILEエリアにカードが7枚以上ある場合、事件を解決編にする。,B01004,C,,CT-P01 Case-Booster 01 探偵たちの切札,,P009,毛利小五郎,パートナー,,,,1,,,
青,【解決編】【事件解決】【スリープ】：自分の証拠が事件レベルの数以上ある場合、ゲームに勝利する。|【アシスト】【スリープ】：FILEエリアに移動する。自分のFILEエリアにカードが7枚以上ある場合、事件を解決編にする。,B01004P,CP,P,CT-P01 Case-Booster 01 探偵たちの切札,,P009,毛利小五郎,パートナー,,,,1,,,
青,【パートナー青】【ターン1】自分がネクストヒントで手札を使用したとき、そのカードのレベル以下のレベルのキャラを1枚まで選び、デッキの下に移す。,B01005,SR,,CT-P01 Case-Booster 01 探偵たちの切札,,1,江戸川コナン,キャラ,探偵_毛利探偵事務所_少年探偵団,8,7000,2,,,
青,【パートナー青】【ターン1】自分がネクストヒントで手札を使用したとき、そのカードのレベル以下のレベルのキャラを1枚まで選び、デッキの下に移す。,B01005P,SRP,P,CT-P01 Case-Booster 01 探偵たちの切札,,1,江戸川コナン,キャラ,探偵_毛利探偵事務所_少年探偵団,8,7000,2,,,
青,【絆江戸川コナン】相手の能力や効果によって選ばれない。|【宣言】【スリープ】：手札からレベル5以下の〚特徴［少年探偵団］〛のキャラを1枚まで登場させる。〚カード名［江戸川コナン］〛を登場させた場合、カードを1枚引く。,B01006,SR,,CT-P01 Case-Booster 01 探偵たちの切札,,2,灰原哀,キャラ,少年探偵団_科学者,6,4000,1,,,
青,【絆江戸川コナン】相手の能力や効果によって選ばれない。|【宣言】【スリープ】：手札からレベル5以下の〚特徴［少年探偵団］〛のキャラを1枚まで登場させる。〚カード名［江戸川コナン］〛を登場させた場合、カードを1枚引く。,B01006P,SRP,P,CT-P01 Case-Booster 01 探偵たちの切札,,2,灰原哀,キャラ,少年探偵団_科学者,6,4000,1,,,
青,相手の現場にいるキャラがこのキャラとのコンタクトによってリムーブされたとき、カードを1枚引く。|【パートナー青】【宣言】【ターン1】〚手札を1枚リムーブする〛：ターン終了時までこのキャラをAP＋1000し、〚突撃〛（登場したターンからすぐにアクションできる）を持つ。,B01007,SR,,CT-P01 Case-Booster 01 探偵たちの切札,,3,毛利蘭,キャラ,高校生_毛利探偵事務所_空手家,7,6000,0,,,
青,,B01008,R,,CT-P01 Case-Booster 01 探偵たちの切札,,4,江戸川コナン,キャラ,探偵_毛利探偵事務所_少年探偵団,5,6000,1,,【ヒラメキ】（証拠からリムーブされるときに発動する）カードを1枚引く。,
青,【パートナー青】お互いの現場にキャラが合わせて6枚以上いる場合、手札にあるこのキャラはレベル4になる。|【宣言】〚デッキの下に移す〛：LP0以下の【青】のキャラを1枚まで選び、アクティブにする。,B01009,R,,CT-P01 Case-Booster 01 探偵たちの切札,,5,工藤新一,キャラ,探偵_高校生,6,5000,1,,,
青,【パートナー青】お互いの現場にキャラが合わせて6枚以上いる場合、手札にあるこのキャラはレベル4になる。|【宣言】〚デッキの下に移す〛：LP0以下の【青】のキャラを1枚まで選び、アクティブにする。,B01009P,RP,P,CT-P01 Case-Booster 01 探偵たちの切札,,5,工藤新一,キャラ,探偵_高校生,6,5000,1,,,
青,相手の現場にいるキャラがこのキャラとのコンタクトによってリムーブされたとき、手札を1枚リムーブしてもよい。そうした場合、自分は証拠を1つ得る。,B01010,R,,CT-P01 Case-Booster 01 探偵たちの切札,,6,毛利小五郎,キャラ,探偵_毛利探偵事務所,6,6000,0,,,
青,相手の現場にいるキャラがこのキャラとのコンタクトによってリムーブされたとき、手札を1枚リムーブしてもよい。そうした場合、自分は証拠を1つ得る。,B01010P,RP,P,CT-P01 Case-Booster 01 探偵たちの切札,,6,毛利小五郎,キャラ,探偵_毛利探偵事務所,6,6000,0,,,
青,このキャラはスリープ状態で登場する。,B01011,C,,CT-P01 Case-Booster 01 探偵たちの切札,,7,江戸川コナン,キャラ,探偵_毛利探偵事務所_少年探偵団,4,2000,2,,【ヒラメキ】（証拠からリムーブされるときに発動する）カードを1枚引く。,
青,【ターン1】能力や効果によってレベル6以下の〚特徴［少年探偵団］〛のキャラが自分の現場に登場したとき、その中から1枚をアクティブにし、ターン終了時までそのキャラに〚迅速〛（登場したターンからすぐに推理かアクションできる）を与える。,B01012,C,,CT-P01 Case-Booster 01 探偵たちの切札,,8,阿笠博士,キャラ,発明家,7,6000,1,,,
青,【登場時】自分のデッキのカードを上から2枚見る。その中からLP0の【青】のキャラを1枚まで公開して手札に加え、残りを好きな順番でデッキの下に移す。,B01013,C,,CT-P01 Case-Booster 01 探偵たちの切札,,9,妃英理,キャラ,弁護士,4,3000,1,,,
青,【登場時】自分のデッキのカードを上から2枚見る。その中からLP0の【青】のキャラを1枚まで公開して手札に加え、残りを好きな順番でデッキの下に移す。,B01013P,CP,P,CT-P01 Case-Booster 01 探偵たちの切札,,9,妃英理,キャラ,弁護士,4,3000,1,,,
青,【登場時】レベル3以上のキャラの能力やレベル3以上のイベントの効果によって登場した場合、レベル5以下のキャラを1枚まで選び、スリープさせる。,B01014,C,,CT-P01 Case-Booster 01 探偵たちの切札,,10,小嶋元太,キャラ,少年探偵団,4,5000,0,,,
青,【登場時】レベル3以上のキャラの能力やレベル3以上のイベントの効果によって登場した場合、キャラを1枚まで選び、ターン終了時までAP＋2000する。,B01015,C,,CT-P01 Case-Booster 01 探偵たちの切札,,11,円谷光彦,キャラ,少年探偵団,3,3000,1,,,
青,【登場時】自分のデッキのカードを上から4枚見る。その中から【青】のカードを1枚まで公開して手札に加え、残りを好きな順番でデッキの下に移す。カードを手札に加えた場合、手札を1枚リムーブする。,B01016,C,,CT-P01 Case-Booster 01 探偵たちの切札,,12,灰原哀,キャラ,少年探偵団_科学者,4,4000,1,,【ヒラメキ】（証拠からリムーブされるときに発動する）カードを1枚引く。,
青,【登場時】自分のデッキのカードを上から4枚見る。その中から【青】のカードを1枚まで公開して手札に加え、残りを好きな順番でデッキの下に移す。カードを手札に加えた場合、手札を1枚リムーブする。,B01016P,CP,P,CT-P01 Case-Booster 01 探偵たちの切札,,12,灰原哀,キャラ,少年探偵団_科学者,4,4000,1,,【ヒラメキ】（証拠からリムーブされるときに発動する）カードを1枚引く。,
青,このキャラが推理したとき、自分のデッキのカードを上から2枚見る。その中から〚特徴［探偵］〛のキャラを1枚まで公開して手札に加え、残りを好きな順番でデッキの下に移す。,B01017,C,,CT-P01 Case-Booster 01 探偵たちの切札,,13,本堂瑛佑,キャラ,高校生,4,4000,1,,【ヒラメキ】（証拠からリムーブされるときに発動する）カードを1枚引く。,
青,【相手ターン中】【現場リムーブ時】自分のデッキのカードを上から〚カード名［江戸川コナン］〛が出るまで1枚ずつ公開し、それを手札に加える。残りの公開したカードをデッキの下に移し、デッキをシャッフルする。,B01018,C,,CT-P01 Case-Booster 01 探偵たちの切札,,14,宮野志保,キャラ,科学者,5,5000,1,,【ヒラメキ】（証拠からリムーブされるときに発動する）カードを1枚引く。,
青,,B01019,C,,CT-P01 Case-Booster 01 探偵たちの切札,,15,毛利蘭,キャラ,高校生_毛利探偵事務所_空手家,2,1000,1,【カットイン】AP＋2000（コンタクト中に手札からリムーブして使う）,,
青,,B01019P,CP,P,CT-P01 Case-Booster 01 探偵たちの切札,,15,毛利蘭,キャラ,高校生_毛利探偵事務所_空手家,2,1000,1,【カットイン】AP＋2000（コンタクト中に手札からリムーブして使う）,,
青,このキャラがスリープ状態の場合、相手は自分の現場にいるレベル4以下のキャラを指定してアクションできない。,B01020,C,,CT-P01 Case-Booster 01 探偵たちの切札,,16,毛利小五郎,キャラ,探偵_毛利探偵事務所,5,5000,1,,【ヒラメキ】（証拠からリムーブされるときに発動する）キャラを1枚まで選び、スリープさせる。,
青,【登場時】レベル3以上のキャラの能力やレベル3以上のイベントの効果によって登場した場合、カードを1枚引く。,B01021,C,,CT-P01 Case-Booster 01 探偵たちの切札,,17,吉田歩美,キャラ,少年探偵団,3,2000,1,,,
青,【パートナー青】手札を1枚リムーブする。自分のデッキのカードを上から6枚見る。その中からレベル4以下の〚特徴［少年探偵団］〛のキャラを2枚まで登場させ、残りをシャッフルしてデッキの下に移す。,B01022,C,,CT-P01 Case-Booster 01 探偵たちの切札,,18,少年探偵団,イベント,,6,,,,,
青,自分のデッキのカードを上から5枚見る。その中からカードを1枚まで手札に加え、残りを好きな順番でデッキの下に移す。|このイベントを自分の現場にいるキャラ1枚にセットする。\nこのイベントがセットされているキャラは「このキャラがコンタクトしたとき、そのコンタクト中、このキャラをAP＋2000する。」を持つ。,B01023,C,,CT-P01 Case-Booster 01 探偵たちの切札,,19,シャッフルロマンス,イベント,,2,,,,【ヒラメキ】（証拠からリムーブされるときに発動する）カードを1枚引く。,
青,自分のデッキのカードを上から5枚見る。その中からカードを1枚まで手札に加え、残りを好きな順番でデッキの下に移す。|このイベントを自分の現場にいるキャラ1枚にセットする。\nこのイベントがセットされているキャラは「このキャラがコンタクトしたとき、そのコンタクト中、このキャラをAP＋2000する。」を持つ。,B01023P,CP,P,CT-P01 Case-Booster 01 探偵たちの切札,,19,シャッフルロマンス,イベント,,2,,,,【ヒラメキ】（証拠からリムーブされるときに発動する）カードを1枚引く。,
青,,B01024,C,,CT-P01 Case-Booster 01 探偵たちの切札,,20,大阪“3つのK”事件,事件,,,,,,,
青,,B01024P,CP,P,CT-P01 Case-Booster 01 探偵たちの切札,,20,大阪“3つのK”事件,事件,,,,,,,
緑,【解決編】【事件解決】【スリープ】：自分の証拠が事件レベルの数以上ある場合、ゲームに勝利する。|【アシスト】【スリープ】：FILEエリアに移動する。自分のFILEエリアにカードが7枚以上ある場合、事件を解決編にする。,B01025,C,,CT-P01 Case-Booster 01 探偵たちの切札,,P003,服部平次,パートナー,,,,1,,,
緑,【解決編】【事件解決】【スリープ】：自分の証拠が事件レベルの数以上ある場合、ゲームに勝利する。|【アシスト】【スリープ】：FILEエリアに移動する。自分のFILEエリアにカードが7枚以上ある場合、事件を解決編にする。,B01025P,CP,P,CT-P01 Case-Booster 01 探偵たちの切札,,P003,服部平次,パートナー,,,,1,,,
緑,【解決編】【事件解決】【スリープ】：自分の証拠が事件レベルの数以上ある場合、ゲームに勝利する。|【アシスト】【スリープ】：FILEエリアに移動する。自分のFILEエリアにカードが7枚以上ある場合、事件を解決編にする。,B01026,C,,CT-P01 Case-Booster 01 探偵たちの切札,,P010,服部平蔵,パートナー,,,,1,,,
緑,【解決編】【事件解決】【スリープ】：自分の証拠が事件レベルの数以上ある場合、ゲームに勝利する。|【アシスト】【スリープ】：FILEエリアに移動する。自分のFILEエリアにカードが7枚以上ある場合、事件を解決編にする。,B01026P,CP,P,CT-P01 Case-Booster 01 探偵たちの切札,,P010,服部平蔵,パートナー,,,,1,,,
緑,【パートナー緑】LP+1|【宣言】【スリープ】：〚カード名［服部平次］〛のキャラを1枚まで選び、ターン終了時まで〚突撃〛（登場したターンからすぐにアクションできる）を与える。,B01027,SR,,CT-P01 Case-Booster 01 探偵たちの切札,,21,遠山和葉,キャラ,高校生,7,5000,0,,,
緑,このキャラは相手の現場にいるアクティブ状態のキャラを指定してアクションできる。|このキャラがコンタクトしたとき、そのコンタクト中、このキャラをAP＋1000する。|【パートナー緑】【自分ターン中】【ターン1】このキャラがコンタクトしたとき、このキャラをアクティブにする。,B01028,SR,,CT-P01 Case-Booster 01 探偵たちの切札,,22,服部平次,キャラ,探偵_高校生,8,7000,2,,,
緑,このキャラは相手の現場にいるアクティブ状態のキャラを指定してアクションできる。|このキャラがコンタクトしたとき、そのコンタクト中、このキャラをAP＋1000する。|【パートナー緑】【自分ターン中】【ターン1】このキャラがコンタクトしたとき、このキャラをアクティブにする。,B01028P,SRP,P,CT-P01 Case-Booster 01 探偵たちの切札,,22,服部平次,キャラ,探偵_高校生,8,7000,2,,,
緑,,B01029,R,,CT-P01 Case-Booster 01 探偵たちの切札,,23,服部平次,キャラ,探偵_高校生,5,6000,1,,【ヒラメキ】（証拠からリムーブされるときに発動する）カードを1枚引く。,
緑,【ターン1】相手の現場にいるキャラがコンタクトによってリムーブされたとき、自分のリムーブエリアにある【カットイン】を持つ【緑】のカードを1枚まで選び、手札に加える。,B01030,R,,CT-P01 Case-Booster 01 探偵たちの切札,,24,大岡紅葉,キャラ,高校生,5,4000,1,,,
緑,【ターン1】相手の現場にいるキャラがコンタクトによってリムーブされたとき、自分のリムーブエリアにある【カットイン】を持つ【緑】のカードを1枚まで選び、手札に加える。,B01030P,RP,P,CT-P01 Case-Booster 01 探偵たちの切札,,24,大岡紅葉,キャラ,高校生,5,4000,1,,,
緑,相手の現場にいるキャラがコンタクトによってリムーブされたとき、ターン終了時までこのキャラは〚突撃〛（登場したターンからすぐにアクションできる）を持つ。,B01031,R,,CT-P01 Case-Booster 01 探偵たちの切札,,25,伊織無我,キャラ,執事,6,5000,1,,,
緑,相手の現場にいるキャラがコンタクトによってリムーブされたとき、ターン終了時までこのキャラは〚突撃〛（登場したターンからすぐにアクションできる）を持つ。,B01031P,RP,P,CT-P01 Case-Booster 01 探偵たちの切札,,25,伊織無我,キャラ,執事,6,5000,1,,,
緑,【ターン1】このキャラがアクション［キャラ］したとき、ターン終了時までこのキャラをAP+1000する。,B01032,C,,CT-P01 Case-Booster 01 探偵たちの切札,,26,服部平次,キャラ,探偵_高校生,3,3000,1,,,
緑,,B01033,C,,CT-P01 Case-Booster 01 探偵たちの切札,,27,遠山和葉,キャラ,高校生,2,1000,1,【カットイン】AP＋2000（コンタクト中に手札からリムーブして使う）,,
緑,,B01033P,CP,P,CT-P01 Case-Booster 01 探偵たちの切札,,27,遠山和葉,キャラ,高校生,2,1000,1,【カットイン】AP＋2000（コンタクト中に手札からリムーブして使う）,,
緑,【登場時】自分のデッキのカードを上から4枚見る。その中から【緑】のカードを1枚まで公開して手札に加え、残りを好きな順番でデッキの下に移す。カードを手札に加えた場合、手札を1枚リムーブする。,B01034,C,,CT-P01 Case-Booster 01 探偵たちの切札,,28,大岡紅葉,キャラ,高校生,4,4000,1,,【ヒラメキ】（証拠からリムーブされるときに発動する）カードを1枚引く。,
緑,【登場時】自分のデッキのカードを上から4枚見る。その中から【緑】のカードを1枚まで公開して手札に加え、残りを好きな順番でデッキの下に移す。カードを手札に加えた場合、手札を1枚リムーブする。,B01034P,CP,P,CT-P01 Case-Booster 01 探偵たちの切札,,28,大岡紅葉,キャラ,高校生,4,4000,1,,【ヒラメキ】（証拠からリムーブされるときに発動する）カードを1枚引く。,
緑,【現場リムーブ時】コンタクトによってリムーブされた場合、キャラを1枚まで選び、スリープさせる。,B01035,C,,CT-P01 Case-Booster 01 探偵たちの切札,,29,大滝悟郎,キャラ,警察_大阪府警,4,4000,1,,【ヒラメキ】（証拠からリムーブされるときに発動する）カードを1枚引く。,
緑,【ターン1】自分の現場にいる【緑】のキャラがアクション［キャラ］したとき、キャラを1枚まで選び、スリープさせる。,B01036,C,,CT-P01 Case-Booster 01 探偵たちの切札,,30,遠山銀司郎,キャラ,警察_大阪府警,6,6000,1,,,
緑,【ターン1】自分の現場にいる【緑】のキャラがアクション［キャラ］したとき、カードを1枚引き、手札を1枚リムーブする。,B01037,C,,CT-P01 Case-Booster 01 探偵たちの切札,,31,服部静華,キャラ,,3,3000,1,,【ヒラメキ】（証拠からリムーブされるときに発動する）カードを1枚引く。,
緑,【自分ターン中】自分の現場にいるこのキャラ以外の【緑】のキャラをAP＋1000する。,B01038,C,,CT-P01 Case-Booster 01 探偵たちの切札,,32,服部平蔵,キャラ,警察_大阪府警,6,6000,1,,【ヒラメキ】（証拠からリムーブされるときに発動する）カードを1枚引く。,
緑,【自分ターン中】自分の現場にいるこのキャラ以外の【緑】のキャラをAP＋1000する。,B01038P,CP,P,CT-P01 Case-Booster 01 探偵たちの切札,,32,服部平蔵,キャラ,警察_大阪府警,6,6000,1,,【ヒラメキ】（証拠からリムーブされるときに発動する）カードを1枚引く。,
緑,このイベントを自分の現場にいる【緑】のキャラ1枚にセットする。\nこのイベントがセットされているキャラが相手の能力や効果、コンタクトによって現場から離れるとき、このイベントをリムーブし、そのキャラは現場から離れる代わりに現場に残る。,B01039,C,,CT-P01 Case-Booster 01 探偵たちの切札,,33,「かっ…和葉ァ!!!」,イベント,,5,,,,,
緑,キャラを1枚まで選び、スリープさせる。|カードを1枚引く。,B01040,C,,CT-P01 Case-Booster 01 探偵たちの切札,,34,「オレの和葉に何さらしとんじゃ!!!」,イベント,,3,,,,【ヒラメキ】（証拠からリムーブされるときに発動する）キャラを1枚まで選び、スリープさせる。,
緑,キャラを1枚まで選び、スリープさせる。|カードを1枚引く。,B01040P,CP,P,CT-P01 Case-Booster 01 探偵たちの切札,,34,「オレの和葉に何さらしとんじゃ!!!」,イベント,,3,,,,【ヒラメキ】（証拠からリムーブされるときに発動する）キャラを1枚まで選び、スリープさせる。,
緑,,B01041,C,,CT-P01 Case-Booster 01 探偵たちの切札,,35,コナンと平次 恋の暗号,事件,,,,,,,
緑,,B01041P,CP,P,CT-P01 Case-Booster 01 探偵たちの切札,,35,コナンと平次 恋の暗号,事件,,,,,,,
白,【解決編】【事件解決】【スリープ】：自分の証拠が事件レベルの数以上ある場合、ゲームに勝利する。|【アシスト】【スリープ】：FILEエリアに移動する。自分のFILEエリアにカードが7枚以上ある場合、事件を解決編にする。,B01042,C,,CT-P01 Case-Booster 01 探偵たちの切札,,P004,怪盗キッド,パートナー,,,,1,,,
白,【解決編】【事件解決】【スリープ】：自分の証拠が事件レベルの数以上ある場合、ゲームに勝利する。|【アシスト】【スリープ】：FILEエリアに移動する。自分のFILEエリアにカードが7枚以上ある場合、事件を解決編にする。,B01042P,CP,P,CT-P01 Case-Booster 01 探偵たちの切札,,P004,怪盗キッド,パートナー,,,,1,,,
白,【解決編】【事件解決】【スリープ】：自分の証拠が事件レベルの数以上ある場合、ゲームに勝利する。|【アシスト】【スリープ】：FILEエリアに移動する。自分のFILEエリアにカードが7枚以上ある場合、事件を解決編にする。,B01043,C,,CT-P01 Case-Booster 01 探偵たちの切札,,P011,白馬探,パートナー,,,,1,,,
白,【解決編】【事件解決】【スリープ】：自分の証拠が事件レベルの数以上ある場合、ゲームに勝利する。|【アシスト】【スリープ】：FILEエリアに移動する。自分のFILEエリアにカードが7枚以上ある場合、事件を解決編にする。,B01043P,CP,P,CT-P01 Case-Booster 01 探偵たちの切札,,P011,白馬探,パートナー,,,,1,,,
白,【パートナー白】【登場時】自分のデッキのカードを上から7枚リムーブしてもよい。そうした場合、キャラを1枚まで選び、デッキの下に移す。,B01044,SR,,CT-P01 Case-Booster 01 探偵たちの切札,,36,怪盗キッド,キャラ,怪盗,8,7000,2,,,
白,【パートナー白】【登場時】自分のデッキのカードを上から7枚リムーブしてもよい。そうした場合、キャラを1枚まで選び、デッキの下に移す。,B01044P,SRP,P,CT-P01 Case-Booster 01 探偵たちの切札,,36,怪盗キッド,キャラ,怪盗,8,7000,2,,,
白,〚ミスリード1〛（相手の推理に対し、スリープさせることでLP－1する）|【ターン1】相手の現場にいるキャラが推理かアクションしたとき、自分のデッキのカードを上から5枚リムーブしてもよい。そうした場合、ターン終了時までそのキャラを元のLPを0にし、元のAPを0にする。,B01045,SR,,CT-P01 Case-Booster 01 探偵たちの切札,,37,中森青子,キャラ,高校生,6,5000,1,,,
白,,B01046,R,,CT-P01 Case-Booster 01 探偵たちの切札,,38,怪盗キッド,キャラ,怪盗,5,6000,1,,【ヒラメキ】（証拠からリムーブされるときに発動する）カードを1枚引く。,
白,このキャラのアクション終了時、このキャラを現場からデッキの下に移してもよい。そうした場合、手札からレベル6以下の【白】の〚カード名［黒羽快斗］〛以外のキャラを1枚まで登場させる。ターン終了時までそのキャラに〚突撃〛（登場したターンからすぐにアクションできる）と「ターン終了時、このキャラを現場から手札に移す。」を与える。,B01047,R,,CT-P01 Case-Booster 01 探偵たちの切札,,39,黒羽快斗,キャラ,高校生,5,4000,1,,,
白,このキャラのアクション終了時、このキャラを現場からデッキの下に移してもよい。そうした場合、手札からレベル6以下の【白】の〚カード名［黒羽快斗］〛以外のキャラを1枚まで登場させる。ターン終了時までそのキャラに〚突撃〛（登場したターンからすぐにアクションできる）と「ターン終了時、このキャラを現場から手札に移す。」を与える。,B01047P,RP,P,CT-P01 Case-Booster 01 探偵たちの切札,,39,黒羽快斗,キャラ,高校生,5,4000,1,,,
白,【宣言】【スリープ】：自分のデッキのカードを上から3枚見る。その中からカードを1枚手札に加え、残りを好きな順番でデッキの下に移す。,B01048,R,,CT-P01 Case-Booster 01 探偵たちの切札,,40,鈴木園子,キャラ,高校生_鈴木財閥,5,5000,1,,【ヒラメキ】（証拠からリムーブされるときに発動する）キャラを1枚まで選び、スリープさせる。,
白,【宣言】【スリープ】：自分のデッキのカードを上から3枚見る。その中からカードを1枚手札に加え、残りを好きな順番でデッキの下に移す。,B01048P,RP,P,CT-P01 Case-Booster 01 探偵たちの切札,,40,鈴木園子,キャラ,高校生_鈴木財閥,5,5000,1,,【ヒラメキ】（証拠からリムーブされるときに発動する）キャラを1枚まで選び、スリープさせる。,
白,【自分ターン中】相手の現場にキャラが3枚以上いる場合、このキャラをAP＋2000する。,B01049,C,,CT-P01 Case-Booster 01 探偵たちの切札,,41,怪盗キッド,キャラ,怪盗,3,3000,1,,,
白,このキャラはスリープ状態で登場する。|【登場時】自分のデッキのカードを上から1枚公開する。公開したカードが【白】のカードの場合、手札に加える。公開したカードがそれ以外の場合、デッキの下に移す。,B01050,C,,CT-P01 Case-Booster 01 探偵たちの切札,,42,怪盗1412号,キャラ,怪盗,6,4000,2,,【ヒラメキ】（証拠からリムーブされるときに発動する）カードを1枚引く。,
白,〚突撃［キャラ］〛（登場したターンからすぐにキャラを指定してアクションできる）|このキャラは事件を指定してアクションできない。|【自分ターン中】AP+1000,B01051,C,,CT-P01 Case-Booster 01 探偵たちの切札,,43,京極真,キャラ,高校生_空手家,7,6000,0,,,
白,このキャラはスリープ状態で登場する。|【登場時】自分のデッキのカードを上から1枚公開する。公開したカードがレベル6以下のキャラの場合、登場させる。公開したカードがそれ以外の場合、手札に加える。,B01052,C,,CT-P01 Case-Booster 01 探偵たちの切札,,44,工藤優作,キャラ,小説家,7,5000,2,,,
白,【登場時】自分のデッキのカードを上から2枚見る。その中からLP2以上の【白】のキャラを1枚まで公開して手札に加え、残りを好きな順番でデッキの下に移す。,B01053,C,,CT-P01 Case-Booster 01 探偵たちの切札,,45,工藤有希子,キャラ,,4,3000,1,,,
白,【相手ターン中】【現場リムーブ時】キャラを1枚まで選び、ターン終了時まで元のLPを0にする。,B01054,C,,CT-P01 Case-Booster 01 探偵たちの切札,,46,寺井黄之助,キャラ,,3,3000,1,,【ヒラメキ】（証拠からリムーブされるときに発動する）カードを1枚引く。,
白,【相手ターン中】【現場リムーブ時】キャラを1枚まで選び、ターン終了時まで元のLPを0にする。,B01054P,CP,P,CT-P01 Case-Booster 01 探偵たちの切札,,46,寺井黄之助,キャラ,,3,3000,1,,【ヒラメキ】（証拠からリムーブされるときに発動する）カードを1枚引く。,
白,【登場時】自分のデッキのカードを上から4枚見る。その中から【白】のカードを1枚まで公開して手札に加え、残りを好きな順番でデッキの下に移す。カードを手札に加えた場合、手札を1枚リムーブする。,B01055,C,,CT-P01 Case-Booster 01 探偵たちの切札,,47,鈴木園子,キャラ,高校生_鈴木財閥,4,4000,1,,【ヒラメキ】（証拠からリムーブされるときに発動する）カードを1枚引く。,
白,【登場時】自分のデッキのカードを上から4枚見る。その中から【白】のカードを1枚まで公開して手札に加え、残りを好きな順番でデッキの下に移す。カードを手札に加えた場合、手札を1枚リムーブする。,B01055P,CP,P,CT-P01 Case-Booster 01 探偵たちの切札,,47,鈴木園子,キャラ,高校生_鈴木財閥,4,4000,1,,【ヒラメキ】（証拠からリムーブされるときに発動する）カードを1枚引く。,
白,,B01056,C,,CT-P01 Case-Booster 01 探偵たちの切札,,48,白馬探,キャラ,探偵_高校生,2,1000,1,【カットイン】AP＋2000（コンタクト中に手札からリムーブして使う）,,
白,このイベントを自分の現場にいる【白】のキャラ1枚にセットする。\nこのイベントがセットされているキャラは「【相手ターン中】【現場リムーブ時】手札からレベル7以下の【白】のキャラを1枚まで登場させる。」を持つ。,B01057,C,,CT-P01 Case-Booster 01 探偵たちの切札,,49,「最も出会いたくない…恋人ってトコロかな?」,イベント,,5,,,,【ヒラメキ】（証拠からリムーブされるときに発動する）カードを1枚引く。,
白,このイベントを自分の現場にいる【白】のキャラ1枚にセットする。\nこのイベントがセットされているキャラは「【相手ターン中】【現場リムーブ時】手札からレベル7以下の【白】のキャラを1枚まで登場させる。」を持つ。,B01057P,CP,P,CT-P01 Case-Booster 01 探偵たちの切札,,49,「最も出会いたくない…恋人ってトコロかな?」,イベント,,5,,,,【ヒラメキ】（証拠からリムーブされるときに発動する）カードを1枚引く。,
白,【白】のキャラを1枚まで選び、ターン終了時まで〚突撃［事件］〛を与える。|このターン中、次に相手の証拠がリムーブされたとき、スリープ状態のキャラを1枚まで選び、スタンさせる。（スタン状態のキャラをアクティブにする場合、代わりにスリープさせる）,B01058,C,,CT-P01 Case-Booster 01 探偵たちの切札,,50,トッ,イベント,,4,,,,,
白,,B01059,C,,CT-P01 Case-Booster 01 探偵たちの切札,,51,怪盗キッドの瞬間移動魔術,事件,,,,,,,
白,,B01059P,CP,P,CT-P01 Case-Booster 01 探偵たちの切札,,51,怪盗キッドの瞬間移動魔術,事件,,,,,,,
赤,【解決編】【事件解決】【スリープ】：自分の証拠が事件レベルの数以上ある場合、ゲームに勝利する。|【アシスト】【スリープ】：FILEエリアに移動する。自分のFILEエリアにカードが7枚以上ある場合、事件を解決編にする。,B01060,C,,CT-P01 Case-Booster 01 探偵たちの切札,,P005,赤井秀一,パートナー,,,,1,,,
赤,【解決編】【事件解決】【スリープ】：自分の証拠が事件レベルの数以上ある場合、ゲームに勝利する。|【アシスト】【スリープ】：FILEエリアに移動する。自分のFILEエリアにカードが7枚以上ある場合、事件を解決編にする。,B01060P,CP,P,CT-P01 Case-Booster 01 探偵たちの切札,,P005,赤井秀一,パートナー,,,,1,,,
赤,【解決編】【事件解決】【スリープ】：自分の証拠が事件レベルの数以上ある場合、ゲームに勝利する。|【アシスト】【スリープ】：FILEエリアに移動する。自分のFILEエリアにカードが7枚以上ある場合、事件を解決編にする。,B01061,C,,CT-P01 Case-Booster 01 探偵たちの切札,,P012,世良真純,パートナー,,,,1,,,
赤,【解決編】【事件解決】【スリープ】：自分の証拠が事件レベルの数以上ある場合、ゲームに勝利する。|【アシスト】【スリープ】：FILEエリアに移動する。自分のFILEエリアにカードが7枚以上ある場合、事件を解決編にする。,B01061P,CP,P,CT-P01 Case-Booster 01 探偵たちの切札,,P012,世良真純,パートナー,,,,1,,,
赤,【パートナー赤】【ターン1】自分の現場にいるキャラがアクション［事件］したとき、レベル7以下のキャラを1枚まで選び、リムーブする。|【宣言】【ターン1】【赤】のキャラを1枚まで選び、ターン終了時までAP＋1000する。,B01062,SR,,CT-P01 Case-Booster 01 探偵たちの切札,,52,赤井秀一,キャラ,FBI_赤井家,8,7000,2,,,
赤,【パートナー赤】【ターン1】自分の現場にいるキャラがアクション［事件］したとき、レベル7以下のキャラを1枚まで選び、リムーブする。|【宣言】【ターン1】【赤】のキャラを1枚まで選び、ターン終了時までAP＋1000する。,B01062P,SRP,P,CT-P01 Case-Booster 01 探偵たちの切札,,52,赤井秀一,キャラ,FBI_赤井家,8,7000,2,,,
赤,【宣言】【スリープ】〚このキャラ以外のキャラを1枚スリープさせる〛：レベル7以下のキャラを1枚まで選び、リムーブする。,B01063,SR,,CT-P01 Case-Booster 01 探偵たちの切札,,53,ジョディ・スターリング,キャラ,FBI,7,5000,1,,,
赤,,B01064,R,,CT-P01 Case-Booster 01 探偵たちの切札,,54,赤井秀一,キャラ,FBI_赤井家,5,6000,1,,【ヒラメキ】（証拠からリムーブされるときに発動する）カードを1枚引く。,
赤,【相手ターン中】【現場リムーブ時】相手に証拠を1つ与えてもよい。そうした場合、レベル5以下のキャラを1枚まで選び、リムーブする。,B01065,R,,CT-P01 Case-Booster 01 探偵たちの切札,,55,沖矢昴,キャラ,大学院生,5,5000,1,,【ヒラメキ】（証拠からリムーブされるときに発動する）キャラを1枚まで選び、スリープさせる。,
赤,【相手ターン中】【現場リムーブ時】相手に証拠を1つ与えてもよい。そうした場合、レベル5以下のキャラを1枚まで選び、リムーブする。,B01065P,RP,P,CT-P01 Case-Booster 01 探偵たちの切札,,55,沖矢昴,キャラ,大学院生,5,5000,1,,【ヒラメキ】（証拠からリムーブされるときに発動する）キャラを1枚まで選び、スリープさせる。,
赤,【ターン1】このキャラがアクション［事件］したとき、このキャラをアクティブにする。,B01066,R,,CT-P01 Case-Booster 01 探偵たちの切札,,56,世良真純,キャラ,探偵_高校生_赤井家,6,6000,1,,,
赤,【ターン1】このキャラがアクション［事件］したとき、このキャラをアクティブにする。,B01066P,RP,P,CT-P01 Case-Booster 01 探偵たちの切札,,56,世良真純,キャラ,探偵_高校生_赤井家,6,6000,1,,,
赤,このキャラのアクション［事件］によって証拠を得たとき、相手の現場にいるレベル5以下のキャラを1枚まで選び、手札に移す。,B01067,R,,CT-P01 Case-Booster 01 探偵たちの切札,,57,メアリー,キャラ,赤井家,5,4000,1,,,
赤,このキャラがアクション［事件］したとき、ターン終了時までこのキャラは〚ブレット〛（このキャラのアクションはガードできない）を持つ。,B01068,C,,CT-P01 Case-Booster 01 探偵たちの切札,,58,赤井秀一,キャラ,FBI_赤井家,3,3000,1,,,
赤,【登場時】相手に証拠を1つ与えてもよい。そうした場合、カードを1枚引く。,B01069,C,,CT-P01 Case-Booster 01 探偵たちの切札,,59,赤井務武,キャラ,赤井家,4,4000,1,,,
赤,相手の現場にいるキャラがこのキャラを指定してアクションしたとき、そのコンタクト中、このキャラをAP＋1000する。|【宣言】【スリープ】：キャラを1枚まで選び、ターン終了時まで〚ブレット〛（このキャラのアクションはガードできない）を与える。,B01070,C,,CT-P01 Case-Booster 01 探偵たちの切札,,60,アンドレ・キャメル,キャラ,FBI,6,6000,0,,【ヒラメキ】（証拠からリムーブされるときに発動する）カードを1枚引く。,
赤,【ターン1】自分の現場にいる〚特徴［FBI］〛のキャラがアクションしたとき、カードを1枚引く。|【ターン1】相手の現場にいるキャラが自分の現場にいる〚特徴［FBI］〛のキャラを指定してアクションしたとき、カードを1枚引く。,B01071,C,,CT-P01 Case-Booster 01 探偵たちの切札,,61,ジェイムズ・ブラック,キャラ,FBI,7,6000,1,,,
赤,【登場時】自分のデッキのカードを上から4枚見る。その中から【赤】のカードを1枚まで公開して手札に加え、残りを好きな順番でデッキの下に移す。カードを手札に加えた場合、手札を1枚リムーブする。,B01072,C,,CT-P01 Case-Booster 01 探偵たちの切札,,62,ジョディ・スターリング,キャラ,FBI,4,4000,1,,【ヒラメキ】（証拠からリムーブされるときに発動する）カードを1枚引く。,
赤,【登場時】自分のデッキのカードを上から4枚見る。その中から【赤】のカードを1枚まで公開して手札に加え、残りを好きな順番でデッキの下に移す。カードを手札に加えた場合、手札を1枚リムーブする。,B01072P,CP,P,CT-P01 Case-Booster 01 探偵たちの切札,,62,ジョディ・スターリング,キャラ,FBI,4,4000,1,,【ヒラメキ】（証拠からリムーブされるときに発動する）カードを1枚引く。,
赤,,B01073,C,,CT-P01 Case-Booster 01 探偵たちの切札,,63,世良真純,キャラ,探偵_高校生_赤井家,2,1000,1,【カットイン】AP＋2000（コンタクト中に手札からリムーブして使う）,,
赤,,B01073P,CP,P,CT-P01 Case-Booster 01 探偵たちの切札,,63,世良真純,キャラ,探偵_高校生_赤井家,2,1000,1,【カットイン】AP＋2000（コンタクト中に手札からリムーブして使う）,,
赤,このキャラが推理したとき、相手は手札を公開する。（その後、元に戻す）,B01074,C,,CT-P01 Case-Booster 01 探偵たちの切札,,64,羽田秀𠮷,キャラ,棋士_赤井家,4,4000,1,,【ヒラメキ】（証拠からリムーブされるときに発動する）カードを1枚引く。,
赤,【相手ターン中】【ターン1】このキャラか自分の現場にいる【赤】のキャラがリムーブされたとき、カードを1枚引き、手札を1枚リムーブする。,B01075,C,,CT-P01 Case-Booster 01 探偵たちの切札,,65,宮野明美,キャラ,,3,3000,1,,【ヒラメキ】（証拠からリムーブされるときに発動する）カードを1枚引く。,
赤,自分のリムーブエリアにあるレベル6以下の【赤】のキャラを1枚まで選び、登場させる。,B01076,C,,CT-P01 Case-Booster 01 探偵たちの切札,,66,「開けるんだキャメル…」,イベント,,6,,,,,
赤,自分のリムーブエリアにあるレベル6以下の【赤】のキャラを1枚まで選び、登場させる。,B01076P,CP,P,CT-P01 Case-Booster 01 探偵たちの切札,,66,「開けるんだキャメル…」,イベント,,6,,,,,
赤,【パートナー赤】相手は手札を1枚ランダムにリムーブする。キャラを1枚まで選び、ターン終了時まで〚ブレット〛（このキャラのアクションはガードできない）を与える。,B01077,C,,CT-P01 Case-Booster 01 探偵たちの切札,,67,「赤井…秀一!?」,イベント,,4,,,,【ヒラメキ】（証拠からリムーブされるときに発動する）相手は手札を1枚リムーブする。,
赤,,B01078,C,,CT-P01 Case-Booster 01 探偵たちの切札,,68,17年前と同じ現場,事件,,,,,,,
赤,,B01078P,CP,P,CT-P01 Case-Booster 01 探偵たちの切札,,68,17年前と同じ現場,事件,,,,,,,
黄,【解決編】【事件解決】【スリープ】：自分の証拠が事件レベルの数以上ある場合、ゲームに勝利する。|【アシスト】【スリープ】：FILEエリアに移動する。自分のFILEエリアにカードが7枚以上ある場合、事件を解決編にする。,B01079,C,,CT-P01 Case-Booster 01 探偵たちの切札,,P006,安室透,パートナー,,,,1,,,
黄,【解決編】【事件解決】【スリープ】：自分の証拠が事件レベルの数以上ある場合、ゲームに勝利する。|【アシスト】【スリープ】：FILEエリアに移動する。自分のFILEエリアにカードが7枚以上ある場合、事件を解決編にする。,B01079P,CP,P,CT-P01 Case-Booster 01 探偵たちの切札,,P006,安室透,パートナー,,,,1,,,
黄,【解決編】【事件解決】【スリープ】：自分の証拠が事件レベルの数以上ある場合、ゲームに勝利する。|【アシスト】【スリープ】：FILEエリアに移動する。自分のFILEエリアにカードが7枚以上ある場合、事件を解決編にする。,B01080,C,,CT-P01 Case-Booster 01 探偵たちの切札,,P013,風見裕也,パートナー,,,,1,,,
黄,【解決編】【事件解決】【スリープ】：自分の証拠が事件レベルの数以上ある場合、ゲームに勝利する。|【アシスト】【スリープ】：FILEエリアに移動する。自分のFILEエリアにカードが7枚以上ある場合、事件を解決編にする。,B01080P,CP,P,CT-P01 Case-Booster 01 探偵たちの切札,,P013,風見裕也,パートナー,,,,1,,,
黄,【パートナー黄】【ターン1】自分の現場にいるキャラがアクションしたとき、レベル7以下のキャラを1枚まで選び、デッキの上か下に移す。（自分が上か下かを選ぶ）,B01081,SR,,CT-P01 Case-Booster 01 探偵たちの切札,,69,安室透,キャラ,探偵_喫茶ポアロ,8,7000,2,,,
黄,【パートナー黄】【ターン1】自分の現場にいるキャラがアクションしたとき、レベル7以下のキャラを1枚まで選び、デッキの上か下に移す。（自分が上か下かを選ぶ）,B01081P,SRP,P,CT-P01 Case-Booster 01 探偵たちの切札,,69,安室透,キャラ,探偵_喫茶ポアロ,8,7000,2,,,
黄,【パートナー黄】このキャラはアクションできず、ガードできない。相手の現場にいるキャラはこのキャラを指定してアクションできない。|【登場時】レベル7以下のキャラを1枚まで選び、スリープさせる。このキャラが現場にいるかぎり、選んだキャラはオートフェイズにアクティブにならない。,B01082,SR,,CT-P01 Case-Booster 01 探偵たちの切札,,70,榎本梓,キャラ,喫茶ポアロ,7,4000,1,,,
黄,,B01083,R,,CT-P01 Case-Booster 01 探偵たちの切札,,71,安室透,キャラ,探偵_喫茶ポアロ,5,6000,1,,【ヒラメキ】（証拠からリムーブされるときに発動する）カードを1枚引く。,
黄,自分のターン終了時、〚捜査1〛（相手はデッキのカードを上から指定の数だけ公開し、好きな順番でデッキの下に移す）する。レベル5以上のカードが発見された場合、このキャラ以外のレベル6以下のキャラを1枚まで選び、アクティブにする。,B01084,R,,CT-P01 Case-Booster 01 探偵たちの切札,,72,降谷零,キャラ,警察_公安,6,6000,1,,,
黄,自分のターン終了時、〚捜査1〛（相手はデッキのカードを上から指定の数だけ公開し、好きな順番でデッキの下に移す）する。レベル5以上のカードが発見された場合、このキャラ以外のレベル6以下のキャラを1枚まで選び、アクティブにする。,B01084P,RP,P,CT-P01 Case-Booster 01 探偵たちの切札,,72,降谷零,キャラ,警察_公安,6,6000,1,,,
黄,このキャラがアクションしたとき、〚捜査1〛（相手はデッキのカードを上から指定の数だけ公開し、好きな順番でデッキの下に移す）する。レベル5以上のカードが発見された場合、ターン終了時までこのキャラをAP+2000する。,B01085,C,,CT-P01 Case-Booster 01 探偵たちの切札,,73,安室透,キャラ,探偵_喫茶ポアロ,3,3000,1,,,
黄,,B01086,C,,CT-P01 Case-Booster 01 探偵たちの切札,,74,榎本梓,キャラ,喫茶ポアロ,2,1000,1,【カットイン】AP＋2000（コンタクト中に手札からリムーブして使う）,,
黄,,B01086P,CP,P,CT-P01 Case-Booster 01 探偵たちの切札,,74,榎本梓,キャラ,喫茶ポアロ,2,1000,1,【カットイン】AP＋2000（コンタクト中に手札からリムーブして使う）,,
黄,【絆降谷零】【宣言】【ターン1】ターン終了時までこのキャラをLP＋1するか、AP＋2000する。,B01087,C,,CT-P01 Case-Booster 01 探偵たちの切札,,75,風見裕也,キャラ,警察_警視庁_公安,6,5000,1,,【ヒラメキ】（証拠からリムーブされるときに発動する）カードを1枚引く。,
黄,【宣言】【ターン1】【スリープ】〚手札を1枚リムーブする〛：このキャラ以外のレベル8以下の【黄】のキャラを1枚まで選び、ターン終了時まで〚突撃［キャラ］〛（登場したターンからすぐにキャラを指定してアクションできる）を与える。,B01088,C,,CT-P01 Case-Booster 01 探偵たちの切札,,76,黒田兵衛,キャラ,警察_警視庁,6,5000,1,,,
黄,【相手ターン中】【ターン1】このキャラか自分の現場にいる【黄】のキャラがリムーブされたとき、カードを1枚引く。,B01089,C,,CT-P01 Case-Booster 01 探偵たちの切札,,77,佐藤美和子,キャラ,警察_警視庁,5,5000,1,,【ヒラメキ】（証拠からリムーブされるときに発動する）キャラを1枚まで選び、スリープさせる。,
黄,【登場時】自分のデッキのカードを上から4枚見る。その中から【黄】のカードを1枚まで公開して手札に加え、残りを好きな順番でデッキの下に移す。カードを手札に加えた場合、手札を1枚リムーブする。,B01090,C,,CT-P01 Case-Booster 01 探偵たちの切札,,78,佐藤美和子,キャラ,警察_警視庁,4,4000,1,,【ヒラメキ】（証拠からリムーブされるときに発動する）カードを1枚引く。,
黄,【登場時】自分のデッキのカードを上から4枚見る。その中から【黄】のカードを1枚まで公開して手札に加え、残りを好きな順番でデッキの下に移す。カードを手札に加えた場合、手札を1枚リムーブする。,B01090P,CP,P,CT-P01 Case-Booster 01 探偵たちの切札,,78,佐藤美和子,キャラ,警察_警視庁,4,4000,1,,【ヒラメキ】（証拠からリムーブされるときに発動する）カードを1枚引く。,
黄,【絆佐藤美和子】【自分ターン中】AP+3000,B01091,C,,CT-P01 Case-Booster 01 探偵たちの切札,,79,高木渉,キャラ,警察_警視庁,6,5000,1,,【ヒラメキ】（証拠からリムーブされるときに発動する）キャラを1枚まで選び、スリープさせる。,
黄,【相手ターン中】自分の現場にいるこのキャラ以外のキャラ1枚が相手の能力や効果、コンタクトによって現場から離れるとき、このキャラをリムーブしてもよい。そうした場合、そのキャラは現場から離れる代わりに手札に移す。,B01092,C,,CT-P01 Case-Booster 01 探偵たちの切札,,80,松田陣平,キャラ,警察_警視庁,6,6000,1,,【ヒラメキ】（証拠からリムーブされるときに発動する）カードを1枚引く。,
黄,【相手ターン中】自分の現場にいるこのキャラ以外のキャラ1枚が相手の能力や効果、コンタクトによって現場から離れるとき、このキャラをリムーブしてもよい。そうした場合、そのキャラは現場から離れる代わりに手札に移す。,B01092P,CP,P,CT-P01 Case-Booster 01 探偵たちの切札,,80,松田陣平,キャラ,警察_警視庁,6,6000,1,,【ヒラメキ】（証拠からリムーブされるときに発動する）カードを1枚引く。,
黄,〚ミスリード1〛（相手の推理に対し、スリープさせることでLP－1する）|【登場時】相手はデッキのカードを上から1枚公開する。そのカードをデッキの上か下に移す。（自分が上か下かを選ぶ）,B01093,C,,CT-P01 Case-Booster 01 探偵たちの切札,,81,目暮十三,キャラ,警察_警視庁,4,3000,1,,【ヒラメキ】（証拠からリムーブされるときに発動する）カードを1枚引く。,
黄,自分のリムーブエリアにある【黄】のキャラを1枚まで選び、手札に加える。|コスト7以下のキャラを1枚まで選び、ターン終了時まで〚突撃［キャラ］〛（登場したターンからすぐにキャラを指定してアクションできる）を与える。,B01094,C,,CT-P01 Case-Booster 01 探偵たちの切札,,82,「刑事なら刑事らしく…」,イベント,,3,,,,【ヒラメキ】（証拠からリムーブされるときに発動する）自分のリムーブエリアにある【黄】のキャラを1枚まで選び、手札に加える。,
黄,自分のリムーブエリアにある【黄】のキャラを1枚まで選び、手札に加える。|コスト7以下のキャラを1枚まで選び、ターン終了時まで〚突撃［キャラ］〛（登場したターンからすぐにキャラを指定してアクションできる）を与える。,B01094P,CP,P,CT-P01 Case-Booster 01 探偵たちの切札,,82,「刑事なら刑事らしく…」,イベント,,3,,,,【ヒラメキ】（証拠からリムーブされるときに発動する）自分のリムーブエリアにある【黄】のキャラを1枚まで選び、手札に加える。,
黄,【パートナー黄】カード名を1つ指定し、〚捜査1〛（相手はデッキのカードを上から指定の数だけ公開し、好きな順番でデッキの下に移す）する。指定したカード名のカードが発見された場合、キャラを2枚まで選び、スタンさせる。（スタン状態のキャラをアクティブにする場合、代わりにスリープさせる）,B01095,C,,CT-P01 Case-Booster 01 探偵たちの切札,,83,「僕の日本から…」,イベント,,7,,,,,
黄,,B01096,C,,CT-P01 Case-Booster 01 探偵たちの切札,,84,ギスギスしたお茶会,事件,,,,,,,
黄,,B01096P,CP,P,CT-P01 Case-Booster 01 探偵たちの切札,,84,ギスギスしたお茶会,事件,,,,,,,
黒,,B01097,C,,CT-P01 Case-Booster 01 探偵たちの切札,,85,ウォッカ,キャラ,黒ずくめの組織,4,5000,0,【カットイン】カードを2枚引き、手札を1枚リムーブする。（コンタクト中に手札からリムーブして使う）,,
黒,,B01097P,CP,P,CT-P01 Case-Booster 01 探偵たちの切札,,85,ウォッカ,キャラ,黒ずくめの組織,4,5000,0,【カットイン】カードを2枚引き、手札を1枚リムーブする。（コンタクト中に手札からリムーブして使う）,,
黒,,B01098,R,,CT-P01 Case-Booster 01 探偵たちの切札,,86,ジン,キャラ,黒ずくめの組織,6,6000,1,【カットイン】【自分ターン中】（自分のターンのコンタクト中に手札からリムーブすることで発動する）コンタクト中のすべてのキャラをリムーブする。,,
黒,,B01098P,RP,P,CT-P01 Case-Booster 01 探偵たちの切札,,86,ジン,キャラ,黒ずくめの組織,6,6000,1,【カットイン】【自分ターン中】（自分のターンのコンタクト中に手札からリムーブすることで発動する）コンタクト中のすべてのキャラをリムーブする。,,
青|緑,この事件が解決編になったとき、相手はカードを1枚引く。,B01099,C,,CT-P01 Case-Booster 01 探偵たちの切札,,87,どっちの推理ショー,事件,,,,,,,
青|緑,この事件が解決編になったとき、相手はカードを1枚引く。,B01099P,CP,P,CT-P01 Case-Booster 01 探偵たちの切札,,87,どっちの推理ショー,事件,,,,,,,
青|白,この事件が解決編になったとき、相手はカードを1枚引く。,B01100,C,,CT-P01 Case-Booster 01 探偵たちの切札,,88,怪盗キッドの絡繰箱,事件,,,,,,,
青|白,この事件が解決編になったとき、相手はカードを1枚引く。,B01100P,CP,P,CT-P01 Case-Booster 01 探偵たちの切札,,88,怪盗キッドの絡繰箱,事件,,,,,,,
青|赤,この事件が解決編になったとき、相手はカードを1枚引く。,B01101,C,,CT-P01 Case-Booster 01 探偵たちの切札,,89,赤と黒のクラッシュ,事件,,,,,,,
青|赤,この事件が解決編になったとき、相手はカードを1枚引く。,B01101P,CP,P,CT-P01 Case-Booster 01 探偵たちの切札,,89,赤と黒のクラッシュ,事件,,,,,,,
青|黄,この事件が解決編になったとき、相手はカードを1枚引く。,B01102,C,,CT-P01 Case-Booster 01 探偵たちの切札,,90,牧場に堕ちた火種,事件,,,,,,,
青|黄,この事件が解決編になったとき、相手はカードを1枚引く。,B01102P,CP,P,CT-P01 Case-Booster 01 探偵たちの切札,,90,牧場に堕ちた火種,事件,,,,,,,
青,【解決編】【事件解決】【スリープ】：自分の証拠が事件レベルの数以上ある場合、ゲームに勝利する。|【アシスト】【スリープ】：FILEエリアに移動する。自分のFILEエリアにカードが7枚以上ある場合、事件を解決編にする。,D01001,D,,CT-D01 Case-StartDeck 01 江戸川コナン,1,P001,江戸川コナン,パートナー,,,,1,,,
青,【パートナー青】〚迅速〛（登場したターンからすぐに推理かアクションできる）,D01002,D,,CT-D01 Case-StartDeck 01 江戸川コナン,3,91,江戸川コナン,キャラ,探偵_毛利探偵事務所_少年探偵団,7,6000,1,,,
青,【宣言】【ターン1】〚このキャラ以外のキャラを1枚スリープさせる〛：カードを1枚引き、手札を1枚リムーブする。ターン終了時までこのキャラをLP＋1する。,D01003,D,,CT-D01 Case-StartDeck 01 江戸川コナン,3,92,江戸川コナン,キャラ,探偵_毛利探偵事務所_少年探偵団,4,4000,1,,【ヒラメキ】（証拠からリムーブされるときに発動する）カードを1枚引く。,
青,【パートナー青】【登場時】手札を1枚リムーブしてもよい。そうした場合、AP8000以下のキャラを1枚まで選び、リムーブする。,D01004,D,,CT-D01 Case-StartDeck 01 江戸川コナン,3,93,工藤新一,キャラ,探偵_高校生,8,7000,2,,,
青,【パートナー青】〚突撃〛（登場したターンからすぐにアクションできる）,D01005,D,,CT-D01 Case-StartDeck 01 江戸川コナン,3,94,毛利小五郎,キャラ,探偵_毛利探偵事務所,5,5000,0,,,
青,【宣言】【ターン1】キャラを1枚まで選び、ターン終了時までAP＋1000する。|【登場時】キャラを1枚まで選び、ターン終了時までAP＋1000する。,D01006,D,,CT-D01 Case-StartDeck 01 江戸川コナン,3,95,毛利蘭,キャラ,高校生_毛利探偵事務所_空手家,6,6000,0,,【ヒラメキ】（証拠からリムーブされるときに発動する）カードを1枚引く。,
青,,D01007,D,,CT-D01 Case-StartDeck 01 江戸川コナン,3,96,毛利蘭,キャラ,高校生_毛利探偵事務所_空手家,3,2000,1,【カットイン】AP＋2000（コンタクト中に手札からリムーブして使う）,,
青,【登場時】手札からレベル4以下の〚特徴［少年探偵団］〛のキャラを1枚までスリープ状態で登場させてもよい。登場させなかった場合、キャラを1枚まで選び、ターン終了時までAP＋1000する。,D01008,D,,CT-D01 Case-StartDeck 01 江戸川コナン,3,97,阿笠博士,キャラ,発明家,6,5000,1,,,
青,,D01009,D,,CT-D01 Case-StartDeck 01 江戸川コナン,3,98,吉田歩美,キャラ,少年探偵団,4,4000,1,【カットイン】AP＋1000（コンタクト中に手札からリムーブして使う）,,
青,〚ミスリード1〛（相手の推理に対し、スリープさせることでLP－1する）,D01010,D,,CT-D01 Case-StartDeck 01 江戸川コナン,3,99,円谷光彦,キャラ,少年探偵団,3,2000,1,【カットイン】AP＋1000（コンタクト中に手札からリムーブして使う）,,
青,,D01011,D,,CT-D01 Case-StartDeck 01 江戸川コナン,3,100,小嶋元太,キャラ,少年探偵団,2,1000,1,【カットイン】AP＋2000（コンタクト中に手札からリムーブして使う）,,
青,【相手ターン中】【現場リムーブ時】自分のデッキのカードを上から3枚見る。その中からレベル4以下の【青】のキャラを1枚までスリープ状態で登場させ、残りを好きな順番でデッキの下に移す。,D01012,D,,CT-D01 Case-StartDeck 01 江戸川コナン,3,101,灰原哀,キャラ,少年探偵団_科学者,5,5000,1,,【ヒラメキ】（証拠からリムーブされるときに発動する）キャラを1枚まで選び、スリープさせる。,
青,【登場時】自分のデッキのカードを上から4枚見る。その中から【青】のカードを1枚まで公開して手札に加え、残りを好きな順番でデッキの下に移す。カードを手札に加えた場合、手札を1枚リムーブする。,D01013,D,,CT-D01 Case-StartDeck 01 江戸川コナン,2,12,灰原哀,キャラ,少年探偵団_科学者,4,4000,1,,【ヒラメキ】（証拠からリムーブされるときに発動する）カードを1枚引く。,
青,自分のデッキのカードを上から3枚見る。その中から【青】のキャラを1枚まで公開して手札に加え、残りを好きな順番でデッキの下に移す。\n手札から自分のFILEエリアの枚数以下のレベルの【青】のキャラを1枚まで登場させる。,D01014,D,,CT-D01 Case-StartDeck 01 江戸川コナン,2,102,小さくなった名探偵,イベント,,1,,,,,
青,【パートナー青】（パートナーが条件を満たしている場合、この能力か効果を使える）AP8000以下のキャラを1枚まで選び、リムーブする。,D01015,D,,CT-D01 Case-StartDeck 01 江戸川コナン,3,103,蘭の一撃,イベント,,5,,,,,
青,,D01016,D,,CT-D01 Case-StartDeck 01 江戸川コナン,1,104,ピアノソナタ「月光」殺人事件,事件,,,,,,,
緑,【解決編】【事件解決】【スリープ】：自分の証拠が事件レベルの数以上ある場合、ゲームに勝利する。|【アシスト】【スリープ】：FILEエリアに移動する。自分のFILEエリアにカードが7枚以上ある場合、事件を解決編にする。,D02001,D,,CT-D02 Case-StartDeck 02 服部平次,1,P003,服部平次,パートナー,,,,1,,,
緑,【パートナー緑】【登場時】手札を1枚リムーブしてもよい。そうした場合、AP8000以下のキャラを1枚まで選び、リムーブする。,D02002,D,,CT-D02 Case-StartDeck 02 服部平次,3,105,服部平次,キャラ,探偵_高校生,8,7000,2,,,
緑,【パートナー緑】〚迅速〛（登場したターンからすぐに推理かアクションできる）,D02003,D,,CT-D02 Case-StartDeck 02 服部平次,3,106,服部平次,キャラ,探偵_高校生,7,6000,1,,,
緑,このキャラがアクションしたとき、相手の現場にいるスリープ状態かスタン状態のキャラ1枚につき、アクション終了時までこのキャラをAP＋1000する。,D02004,D,,CT-D02 Case-StartDeck 02 服部平次,3,107,服部平次,キャラ,探偵_高校生,4,4000,1,,【ヒラメキ】（証拠からリムーブされるときに発動する）カードを1枚引く。,
緑,【ターン1】このキャラか〚カード名［服部平次］〛が自分の現場に登場したとき、キャラを1枚まで選び、スリープさせる。,D02005,D,,CT-D02 Case-StartDeck 02 服部平次,3,108,遠山和葉,キャラ,高校生,6,5000,1,,【ヒラメキ】（証拠からリムーブされるときに発動する）キャラを1枚まで選び、スリープさせる。,
緑,,D02006,D,,CT-D02 Case-StartDeck 02 服部平次,3,109,遠山和葉,キャラ,高校生,3,2000,1,【カットイン】AP＋2000（コンタクト中に手札からリムーブして使う）,,
緑,【パートナー緑】〚突撃〛（登場したターンからすぐにアクションできる）,D02007,D,,CT-D02 Case-StartDeck 02 服部平次,3,110,沖田総司,キャラ,高校生,5,5000,0,,,
緑,このキャラがアクションしたとき、アクション終了時まで相手は【カットイン】を使用できない。|相手の現場にいるキャラがこのキャラとのコンタクトによってリムーブされたとき、カードを1枚引く。,D02008,D,,CT-D02 Case-StartDeck 02 服部平次,3,111,服部平蔵,キャラ,警察_大阪府警,6,6000,1,,【ヒラメキ】（証拠からリムーブされるときに発動する）カードを1枚引く。,
緑,〚ミスリード1〛（相手の推理に対し、スリープさせることでLP－1する）,D02009,D,,CT-D02 Case-StartDeck 02 服部平次,3,112,遠山銀司郎,キャラ,警察_大阪府警,3,2000,1,【カットイン】AP＋1000（コンタクト中に手札からリムーブして使う）,,
緑,,D02010,D,,CT-D02 Case-StartDeck 02 服部平次,3,113,伊織無我,キャラ,執事,4,4000,1,【カットイン】AP＋1000（コンタクト中に手札からリムーブして使う）,,
緑,【登場時】自分のデッキのカードを上から4枚見る。その中から【緑】のカードを1枚まで公開して手札に加え、残りを好きな順番でデッキの下に移す。カードを手札に加えた場合、手札を1枚リムーブする。,D02011,D,,CT-D02 Case-StartDeck 02 服部平次,2,28,大岡紅葉,キャラ,高校生,4,4000,1,,【ヒラメキ】（証拠からリムーブされるときに発動する）カードを1枚引く。,
緑,,D02012,D,,CT-D02 Case-StartDeck 02 服部平次,3,114,大岡紅葉,キャラ,高校生,2,1000,1,【カットイン】AP＋2000（コンタクト中に手札からリムーブして使う）,,
緑,【宣言】【ターン1】〚手札を1枚リムーブする〛：このキャラ以外のレベル6以下の【緑】のキャラを1枚まで選び、ターン終了時まで〚突撃〛（登場したターンからすぐにアクションできる）を与える。この能力は相手の現場にスリープ状態かスタン状態のキャラが合わせて2枚以上いる場合に宣言できる。,D02013,D,,CT-D02 Case-StartDeck 02 服部平次,3,115,服部静華,キャラ,,5,5000,1,,,
緑,自分のデッキのカードを上から3枚見る。その中から【緑】のキャラを1枚まで公開して手札に加え、残りを好きな順番でデッキの下に移す。手札から自分のFILEエリアの枚数以下のレベルの【緑】のキャラを1枚まで登場させる。,D02014,D,,CT-D02 Case-StartDeck 02 服部平次,2,116,御守り,イベント,,1,,,,,
緑,【パートナー緑】（パートナーが条件を満たしている場合、この能力か効果を使える）AP8000以下のキャラを1枚まで選び、リムーブする。,D02015,D,,CT-D02 Case-StartDeck 02 服部平次,3,117,平次の洞察力,イベント,,5,,,,,
緑,,D02016,D,,CT-D02 Case-StartDeck 02 服部平次,1,118,そして人魚はいなくなった,事件,,,,,,,
白,【解決編】【事件解決】【スリープ】：自分の証拠が事件レベルの数以上ある場合、ゲームに勝利する。|【アシスト】【スリープ】：FILEエリアに移動する。自分のFILEエリアにカードが7枚以上ある場合、事件を解決編にする。,D03001,D,,CT-D03 Case-StartDeck 03 怪盗キッド,1,P004,怪盗キッド,パートナー,,,,1,,,
白,【パートナー白】【登場時】手札を1枚リムーブしてもよい。そうした場合、キャラを1枚まで選び、スタンさせ、自分は証拠を1つ得る。（スタン状態のキャラをアクティブにする場合、代わりにスリープさせる）,D03002,D,,CT-D03 Case-StartDeck 03 怪盗キッド,3,119,怪盗キッド,キャラ,怪盗,8,7000,2,,,
白,【パートナー白】〚迅速〛（登場したターンからすぐに推理かアクションできる）,D03003,D,,CT-D03 Case-StartDeck 03 怪盗キッド,3,120,怪盗キッド,キャラ,怪盗,7,6000,1,,,
白,【相手ターン中】【現場リムーブ時】レベル5以下のスリープ状態のキャラを1枚まで選び、スタンさせる。（スタン状態のキャラをアクティブにする場合、代わりにスリープさせる）,D03004,D,,CT-D03 Case-StartDeck 03 怪盗キッド,3,121,怪盗キッド,キャラ,怪盗,4,4000,1,,【ヒラメキ】（証拠からリムーブされるときに発動する）カードを1枚引く。,
白,,D03005,D,,CT-D03 Case-StartDeck 03 怪盗キッド,3,122,中森青子,キャラ,高校生,2,1000,1,【カットイン】AP＋2000（コンタクト中に手札からリムーブして使う）,,
白,【パートナー白】〚突撃〛（登場したターンからすぐにアクションできる）,D03006,D,,CT-D03 Case-StartDeck 03 怪盗キッド,3,123,中森銀三,キャラ,警察_警視庁,5,5000,0,,,
白,【ターン1】このキャラが推理かアクションしたとき、カードを1枚引く。,D03007,D,,CT-D03 Case-StartDeck 03 怪盗キッド,3,124,白馬探,キャラ,探偵_高校生,6,5000,1,,,
白,,D03008,D,,CT-D03 Case-StartDeck 03 怪盗キッド,3,125,白馬探,キャラ,探偵_高校生,3,2000,1,【カットイン】AP＋2000（コンタクト中に手札からリムーブして使う）,,
白,【登場時】自分のデッキのカードを上から4枚見る。その中から【白】のカードを1枚まで公開して手札に加え、残りを好きな順番でデッキの下に移す。カードを手札に加えた場合、手札を1枚リムーブする。,D03009,D,,CT-D03 Case-StartDeck 03 怪盗キッド,2,47,鈴木園子,キャラ,高校生_鈴木財閥,4,4000,1,,【ヒラメキ】（証拠からリムーブされるときに発動する）カードを1枚引く。,
白,〚ミスリード1〛（相手の推理に対し、スリープさせることでLP－1する）,D03010,D,,CT-D03 Case-StartDeck 03 怪盗キッド,3,126,鈴木園子,キャラ,高校生_鈴木財閥,3,2000,1,【カットイン】AP＋1000（コンタクト中に手札からリムーブして使う）,,
白,自分のターン終了時、手札を1枚リムーブしてもよい。そうした場合、このキャラをアクティブにする。,D03011,D,,CT-D03 Case-StartDeck 03 怪盗キッド,3,127,京極真,キャラ,高校生_空手家,6,7000,0,,【ヒラメキ】（証拠からリムーブされるときに発動する）カードを1枚引く。,
白,,D03012,D,,CT-D03 Case-StartDeck 03 怪盗キッド,3,128,鈴木朋子,キャラ,鈴木財閥,4,4000,1,【カットイン】AP＋1000（コンタクト中に手札からリムーブして使う）,,
白,【相手ターン中】【現場リムーブ時】カードを1枚引く。,D03013,D,,CT-D03 Case-StartDeck 03 怪盗キッド,3,129,鈴木次郎吉,キャラ,鈴木財閥,5,5000,1,,【ヒラメキ】（証拠からリムーブされるときに発動する）キャラを1枚まで選び、スリープさせる。,
白,自分のデッキのカードを上から3枚見る。その中から【白】のキャラを1枚まで公開して手札に加え、残りを好きな順番でデッキの下に移す。\n手札から自分のFILEエリアの枚数以下のレベルの【白】のキャラを1枚まで登場させる。,D03014,D,,CT-D03 Case-StartDeck 03 怪盗キッド,2,130,「Ladies♡ and… Gentlemen!!」,イベント,,1,,,,,
白,【パートナー白】（パートナーが条件を満たしている場合、この能力か効果を使える）AP8000以下のキャラを1枚まで選び、リムーブする。,D03015,D,,CT-D03 Case-StartDeck 03 怪盗キッド,3,131,「April・foolってね…」,イベント,,5,,,,,
白,,D03016,D,,CT-D03 Case-StartDeck 03 怪盗キッド,1,132,邂逅,事件,,,,,,,
赤,【解決編】【事件解決】【スリープ】：自分の証拠が事件レベルの数以上ある場合、ゲームに勝利する。|【アシスト】【スリープ】：FILEエリアに移動する。自分のFILEエリアにカードが7枚以上ある場合、事件を解決編にする。,D04001,D,,CT-D04 Case-StartDeck 04 赤井秀一,1,P005,赤井秀一,パートナー,,,,1,,,
赤,【パートナー赤】【登場時】手札を1枚リムーブしてもよい。そうした場合、AP8000以下のキャラを1枚まで選び、リムーブする。,D04002,D,,CT-D04 Case-StartDeck 04 赤井秀一,3,133,赤井秀一,キャラ,FBI_赤井家,8,7000,2,,,
赤,【パートナー赤】〚迅速〛（登場したターンからすぐに推理かアクションできる）,D04003,D,,CT-D04 Case-StartDeck 04 赤井秀一,3,134,赤井秀一,キャラ,FBI_赤井家,7,6000,1,,,
赤,〚ブレット〛（このキャラのアクションはガードできない）,D04004,D,,CT-D04 Case-StartDeck 04 赤井秀一,3,135,赤井秀一,キャラ,FBI_赤井家,4,4000,1,,【ヒラメキ】（証拠からリムーブされるときに発動する）カードを1枚引く。,
赤,自分の現場にいるキャラがアクション［事件］したとき、ターン終了時までこのキャラは〚突撃〛（登場したターンからすぐにアクションできる）を持つ。,D04005,D,,CT-D04 Case-StartDeck 04 赤井秀一,3,136,世良真純,キャラ,探偵_高校生_赤井家,6,5000,1,,【ヒラメキ】（証拠からリムーブされるときに発動する）カードを1枚引く。,
赤,,D04006,D,,CT-D04 Case-StartDeck 04 赤井秀一,3,137,羽田秀𠮷,キャラ,棋士_赤井家,3,2000,1,【カットイン】AP＋2000（コンタクト中に手札からリムーブして使う）,,
赤,〚ミスリード1〛（相手の推理に対し、スリープさせることでLP－1する）|【ターン1】自分の現場にいるキャラのアクション［事件］によって証拠を得たとき、手札を1枚リムーブしてもよい。そうした場合、証拠を1つ得る。,D04007,D,,CT-D04 Case-StartDeck 04 赤井秀一,3,138,メアリー,キャラ,赤井家,6,6000,1,,,
赤,〚ミスリード1〛（相手の推理に対し、スリープさせることでLP－1する）,D04008,D,,CT-D04 Case-StartDeck 04 赤井秀一,3,139,世良真純,キャラ,探偵_高校生_赤井家,3,2000,1,【カットイン】AP＋1000（コンタクト中に手札からリムーブして使う）,,
赤,,D04009,D,,CT-D04 Case-StartDeck 04 赤井秀一,3,140,本堂瑛海,キャラ,CIA,2,1000,1,【カットイン】AP＋2000（コンタクト中に手札からリムーブして使う）,,
赤,【相手ターン中】【現場リムーブ時】相手は手札を1枚リムーブする。,D04010,D,,CT-D04 Case-StartDeck 04 赤井秀一,3,141,ジョディ・スターリング,キャラ,FBI,5,5000,1,,【ヒラメキ】（証拠からリムーブされるときに発動する）キャラを1枚まで選び、スリープさせる。,
赤,【登場時】自分のデッキのカードを上から4枚見る。その中から【赤】のカードを1枚まで公開して手札に加え、残りを好きな順番でデッキの下に移す。カードを手札に加えた場合、手札を1枚リムーブする。,D04011,D,,CT-D04 Case-StartDeck 04 赤井秀一,2,62,ジョディ・スターリング,キャラ,FBI,4,4000,1,,【ヒラメキ】（証拠からリムーブされるときに発動する）カードを1枚引く。,
赤,,D04012,D,,CT-D04 Case-StartDeck 04 赤井秀一,3,142,ジェイムズ・ブラック,キャラ,FBI,4,4000,1,【カットイン】AP＋1000（コンタクト中に手札からリムーブして使う）,,
赤,【パートナー赤】〚突撃〛（登場したターンからすぐにアクションできる）,D04013,D,,CT-D04 Case-StartDeck 04 赤井秀一,3,143,アンドレ・キャメル,キャラ,FBI,5,5000,0,,,
赤,自分のデッキのカードを上から3枚見る。その中から【赤】のキャラを1枚まで公開して手札に加え、残りを好きな順番でデッキの下に移す。\n手札から自分のFILEエリアの枚数以下のレベルの【赤】のキャラを1枚まで登場させる。,D04014,D,,CT-D04 Case-StartDeck 04 赤井秀一,2,144,謎めいた乗客,イベント,,1,,,,,
赤,【パートナー赤】（パートナーが条件を満たしている場合、この能力か効果を使える）AP8000以下のキャラを1枚まで選び、リムーブする。,D04015,D,,CT-D04 Case-StartDeck 04 赤井秀一,3,145,赤井の射撃,イベント,,5,,,,,
赤,,D04016,D,,CT-D04 Case-StartDeck 04 赤井秀一,1,146,緋色の帰還,事件,,,,,,,
黄,【解決編】【事件解決】【スリープ】：自分の証拠が事件レベルの数以上ある場合、ゲームに勝利する。|【アシスト】【スリープ】：FILEエリアに移動する。自分のFILEエリアにカードが7枚以上ある場合、事件を解決編にする。,D05001,D,,CT-D05 Case-StartDeck 05 安室透,1,P006,安室透,パートナー,,,,1,,,
黄,【パートナー黄】【登場時】手札を1枚リムーブしてもよい。そうした場合、AP8000以下のキャラを1枚まで選び、リムーブする。,D05002,D,,CT-D05 Case-StartDeck 05 安室透,3,147,降谷零,キャラ,警察_公安,8,7000,2,,,
黄,【パートナー黄】〚迅速〛（登場したターンからすぐに推理かアクションできる）,D05003,D,,CT-D05 Case-StartDeck 05 安室透,3,148,降谷零,キャラ,警察_公安,7,6000,1,,,
黄,【登場時】相手は手札を公開する。（その後、元に戻す）,D05004,D,,CT-D05 Case-StartDeck 05 安室透,3,149,降谷零,キャラ,警察_公安,4,4000,1,,【ヒラメキ】（証拠からリムーブされるときに発動する）カードを1枚引く。,
黄,【自分ターン中】自分の現場にいるこのキャラ以外の【黄】のキャラをAP＋1000する。,D05005,D,,CT-D05 Case-StartDeck 05 安室透,3,150,黒田兵衛,キャラ,警察_警視庁,6,6000,1,,【ヒラメキ】（証拠からリムーブされるときに発動する）カードを1枚引く。,
黄,【登場時】手札を1枚リムーブしてもよい。そうした場合、自分のリムーブエリアにあるレベル4以下の【黄】のキャラを1枚まで選び、スリープ状態で登場させる。,D05006,D,,CT-D05 Case-StartDeck 05 安室透,3,151,目暮十三,キャラ,警察_警視庁,6,5000,1,,,
黄,【相手ターン中】【現場リムーブ時】自分のデッキのカードを上から3枚見る。その中からレベル4以下の【黄】のキャラを1枚までスリープ状態で登場させ、残りを好きな順番でデッキの下に移す。,D05007,D,,CT-D05 Case-StartDeck 05 安室透,3,152,松田陣平,キャラ,警察_警視庁,5,5000,1,,【ヒラメキ】（証拠からリムーブされるときに発動する）キャラを1枚まで選び、スリープさせる。,
黄,,D05008,D,,CT-D05 Case-StartDeck 05 安室透,3,153,松田陣平,キャラ,警察_警視庁,3,2000,1,【カットイン】AP＋2000（コンタクト中に手札からリムーブして使う）,,
黄,【パートナー黄】〚突撃〛（登場したターンからすぐにアクションできる）,D05009,D,,CT-D05 Case-StartDeck 05 安室透,3,154,風見裕也,キャラ,警察_警視庁_公安,5,5000,0,,,
黄,,D05010,D,,CT-D05 Case-StartDeck 05 安室透,3,155,風見裕也,キャラ,警察_警視庁_公安,2,1000,1,【カットイン】AP＋2000（コンタクト中に手札からリムーブして使う）,,
黄,〚ミスリード1〛（相手の推理に対し、スリープさせることでLP－1する）,D05011,D,,CT-D05 Case-StartDeck 05 安室透,3,156,白鳥任三郎,キャラ,警察_警視庁,3,2000,1,【カットイン】AP＋1000（コンタクト中に手札からリムーブして使う）,,
黄,【登場時】自分のデッキのカードを上から4枚見る。その中から【黄】のカードを1枚まで公開して手札に加え、残りを好きな順番でデッキの下に移す。カードを手札に加えた場合、手札を1枚リムーブする。,D05012,D,,CT-D05 Case-StartDeck 05 安室透,2,78,佐藤美和子,キャラ,警察_警視庁,4,4000,1,,【ヒラメキ】（証拠からリムーブされるときに発動する）カードを1枚引く。,
黄,,D05013,D,,CT-D05 Case-StartDeck 05 安室透,3,157,高木渉,キャラ,警察_警視庁,4,4000,1,【カットイン】AP＋1000（コンタクト中に手札からリムーブして使う）,,
黄,自分のデッキのカードを上から3枚見る。その中から【黄】のキャラを1枚まで公開して手札に加え、残りを好きな順番でデッキの下に移す。\n手札から自分のFILEエリアの枚数以下のレベルの【黄】のキャラを1枚まで登場させる。,D05014,D,,CT-D05 Case-StartDeck 05 安室透,2,158,プライベートアイ,イベント,,1,,,,,
黄,【パートナー黄】（パートナーが条件を満たしている場合、この能力か効果を使える）AP8000以下のキャラを1枚まで選び、リムーブする。,D05015,D,,CT-D05 Case-StartDeck 05 安室透,3,159,安室の一撃,イベント,,5,,,,,
黄,,D05016,D,,CT-D05 Case-StartDeck 05 安室透,1,160,緋色の疑惑,事件,,,,,,,
青,【解決編】【事件解決】【スリープ】：自分の証拠が事件レベルの数以上ある場合、ゲームに勝利する。|【アシスト】【スリープ】：FILEエリアに移動する。自分のFILEエリアにカードが7枚以上ある場合、事件を解決編にする。,PR001,PR,,,,P001,江戸川コナン,パートナー,,,,1,,,
青,【解決編】【事件解決】【スリープ】：自分の証拠が事件レベルの数以上ある場合、ゲームに勝利する。|【アシスト】【スリープ】：FILEエリアに移動する。自分のFILEエリアにカードが7枚以上ある場合、事件を解決編にする。,PR002,PR,,,,P001,江戸川コナン,パートナー,,,,1,,,
緑,【解決編】【事件解決】【スリープ】：自分の証拠が事件レベルの数以上ある場合、ゲームに勝利する。|【アシスト】【スリープ】：FILEエリアに移動する。自分のFILEエリアにカードが7枚以上ある場合、事件を解決編にする。,PR003,PR,,,,P002,服部平次&怪盗キッド,パートナー,,,,1,,,
青,【解決編】【事件解決】【スリープ】：自分の証拠が事件レベルの数以上ある場合、ゲームに勝利する。|【アシスト】【スリープ】：FILEエリアに移動する。自分のFILEエリアにカードが7枚以上ある場合、事件を解決編にする。,PR004,PR,,,,P014,江戸川コナン & 工藤新一,パートナー,,,,1,,,
青,【解決編】【事件解決】【スリープ】：自分の証拠が事件レベルの数以上ある場合、ゲームに勝利する。|【アシスト】【スリープ】：FILEエリアに移動する。自分のFILEエリアにカードが7枚以上ある場合、事件を解決編にする。,PR005,PR,,,,P014,江戸川コナン & 工藤新一,パートナー,,,,1,,,
青,【自分ターン中】このキャラがコンタクトしたとき、手札を1枚リムーブしてもよい。そうした場合、そのコンタクト中、このキャラをAP＋2000する。,PR006,PR,,,,161,江戸川コナン,キャラ,探偵_毛利探偵事務所_少年探偵団,4,4000,1,,【ヒラメキ】（証拠からリムーブされるときに発動する）カードを1枚引く。,
青,このカードを表向きのまま証拠として得る。,PR012,PR,,,,162,……なるほどな…,イベント,,7,,,,【ヒラメキ】（証拠からリムーブされるときに発動する）自分は証拠を1つ得る。,
緑,このカードを表向きのまま証拠として得る。,PR013,PR,,,,163,そーいう事かいな…,イベント,,7,,,,【ヒラメキ】（証拠からリムーブされるときに発動する）自分は証拠を1つ得る。,
白,このカードを表向きのまま証拠として得る。,PR014,PR,,,,164,頂いて行くぜ！,イベント,,7,,,,【ヒラメキ】（証拠からリムーブされるときに発動する）自分は証拠を1つ得る。,
赤,このカードを表向きのまま証拠として得る。,PR015,PR,,,,165,なるほど…,イベント,,7,,,,【ヒラメキ】（証拠からリムーブされるときに発動する）自分は証拠を1つ得る。,
黄,このカードを表向きのまま証拠として得る。,PR016,PR,,,,166,拳銃か！！,イベント,,7,,,,【ヒラメキ】（証拠からリムーブされるときに発動する）自分は証拠を1つ得る。,
青,このカードを表向きのまま証拠として得る。,PR017,PR,,,,162,……なるほどな…,イベント,,7,,,,【ヒラメキ】（証拠からリムーブされるときに発動する）自分は証拠を1つ得る。,
緑,このカードを表向きのまま証拠として得る。,PR018,PR,,,,163,そーいう事かいな…,イベント,,7,,,,【ヒラメキ】（証拠からリムーブされるときに発動する）自分は証拠を1つ得る。,
白,このカードを表向きのまま証拠として得る。,PR019,PR,,,,164,頂いて行くぜ！,イベント,,7,,,,【ヒラメキ】（証拠からリムーブされるときに発動する）自分は証拠を1つ得る。,
赤,このカードを表向きのまま証拠として得る。,PR020,PR,,,,165,なるほど…,イベント,,7,,,,【ヒラメキ】（証拠からリムーブされるときに発動する）自分は証拠を1つ得る。,
黄,このカードを表向きのまま証拠として得る。,PR021,PR,,,,166,拳銃か！！,イベント,,7,,,,【ヒラメキ】（証拠からリムーブされるときに発動する）自分は証拠を1つ得る。,